siteengname,observations,first_risk,latest_risk,mean_score,hotspot_status
Agongdian Bridge,3,HIGH,HIGH,5.166666666666667,PERSISTENT
Agongdian River,3,LOW,MEDIUM,1.5833333333333333,STABLE/LOWER_RISK
Ailan Bridge,3,LOW,LOW,1.0,STABLE/LOWER_RISK
Aowei Bridge,3,MEDIUM,LOW,1.3333333333333333,STABLE/LOWER_RISK
Bajhang River Bridge,3,HIGH,MEDIUM,3.3333333333333335,IMPROVING
Bansin Intake,3,MEDIUM,LOW,1.3333333333333333,STABLE/LOWER_RISK
Bao Bridge,3,MEDIUM,MEDIUM,1.5,STABLE/LOWER_RISK
Beetan Bridge,3,LOW,LOW,1.1666666666666667,STABLE/LOWER_RISK
Beifan Bridge,3,LOW,MEDIUM,1.5555566666666667,STABLE/LOWER_RISK
Beigangda Bridge,3,HIGH,HIGH,4.333333333333333,PERSISTENT
Beinoon Brideg,3,HIGH,HIGH,3.75,PERSISTENT
Beisan Bridge,3,MEDIUM,MEDIUM,1.5833333333333333,STABLE/LOWER_RISK
Bendzugon Bridge,3,HIGH,HIGH,6.666666666666667,PERSISTENT
Bialin Bridge,3,HIGH,MEDIUM,3.5833333333333335,IMPROVING
Bimei Bridge,3,LOW,MEDIUM,1.1666666666666667,STABLE/LOWER_RISK
Changcing Bridge,3,LOW,LOW,1.0,STABLE/LOWER_RISK
Chaojhouda Bridge,3,LOW,LOW,1.3333333333333333,STABLE/LOWER_RISK
Chenfon Bridge,3,LOW,MEDIUM,1.4166666666666667,STABLE/LOWER_RISK
Chenguo Village,3,HIGH,HIGH,5.75,PERSISTENT
Chenho Bridge,2,HIGH,LOW,2.25,IMPROVING
Chenmei Bridge,3,MEDIUM,MEDIUM,2.8333333333333335,STABLE/LOWER_RISK
Chenniao Bridge,3,LOW,LOW,1.0,STABLE/LOWER_RISK
Chenren Bridge,3,HIGH,HIGH,4.0,PERSISTENT
Chiacin Village,3,MEDIUM,MEDIUM,1.5,STABLE/LOWER_RISK
Chiali No 2 Bridge,3,LOW,LOW,1.0,STABLE/LOWER_RISK
Chiananda Bridge,3,MEDIUM,HIGH,3.3333333333333335,PERSISTENT
Chintan Weir,3,LOW,LOW,1.1666666666666667,STABLE/LOWER_RISK
Chintan Weir Intake,3,LOW,LOW,1.0,STABLE/LOWER_RISK
Chintsao Lake,3,HIGH,MEDIUM,2.75,IMPROVING
Chinyie Bridge,3,HIGH,MEDIUM,4.0,IMPROVING
Chiuche Weir,3,LOW,LOW,1.0,STABLE/LOWER_RISK
Chongdeda Bridge,3,HIGH,HIGH,5.083333333333333,PERSISTENT
Chongyang Bridge,3,HIGH,MEDIUM,3.9166666666666665,IMPROVING
Choulia Bridge,2,HIGH,MEDIUM,3.25,IMPROVING
Chuko Bridge,3,LOW,LOW,1.0,STABLE/LOWER_RISK
Cianchou Bridge,3,HIGH,HIGH,5.916666666666667,PERSISTENT
Ciechen Bridge,2,LOW,LOW,1.0,STABLE/LOWER_RISK
Cihtong no. 1 Bridge,3,MEDIUM,MEDIUM,3.6666666666666665,STABLE/LOWER_RISK
Cinan Bridge,3,LOW,MEDIUM,2.5,STABLE/LOWER_RISK
Cingliu Bridge,3,LOW,MEDIUM,1.1666666666666667,STABLE/LOWER_RISK
Cingshueida Gate,3,LOW,HIGH,2.25,EMERGING
Cinhi Bridge,3,HIGH,MEDIUM,5.333333333333333,IMPROVING
Cinsheda Bridge,3,HIGH,HIGH,4.5,PERSISTENT
Ciulan Bridge,3,MEDIUM,LOW,1.9166666666666667,STABLE/LOWER_RISK
Da-an River Bridge,2,LOW,HIGH,2.375,EMERGING
Da-an River Mouth,1,HIGH,HIGH,3.75,SINGLE_OBSERVATION
Dabaliugeoba Intake,1,HIGH,HIGH,,SINGLE_OBSERVATION
Dadu Bridge,3,HIGH,MEDIUM,2.4166666666666665,IMPROVING
Dagean Bridge,3,HIGH,MEDIUM,3.25,IMPROVING
Dahan Bridge,3,MEDIUM,LOW,1.9166666666666667,STABLE/LOWER_RISK
Dajhih Bridge,3,HIGH,MEDIUM,3.0,IMPROVING
Dajhuoshuei Bridge,3,MEDIUM,HIGH,3.6666666666666665,EMERGING
Dajia River Bridge,2,LOW,LOW,1.0,STABLE/LOWER_RISK
Dakwai River Bridge,3,HIGH,HIGH,5.5,PERSISTENT
Dali Bridge,3,HIGH,LOW,2.75,IMPROVING
Danan Bridge,3,HIGH,LOW,1.0,IMPROVING
Danshuei River Mouth,3,MEDIUM,MEDIUM,2.9166666666666665,STABLE/LOWER_RISK
Dapoo Bridge,2,HIGH,HIGH,6.125,PERSISTENT
Diolin Station,3,LOW,LOW,1.0,STABLE/LOWER_RISK
Dong Xing Bridge,3,LOW,LOW,1.0,STABLE/LOWER_RISK
Dongcin Bridge,3,LOW,LOW,1.0,STABLE/LOWER_RISK
Dongfonda Bridge,3,LOW,MEDIUM,1.4166666666666667,STABLE/LOWER_RISK
Donggangda Bridge,3,HIGH,HIGH,4.5,PERSISTENT
Donghi Bridge,3,MEDIUM,LOW,1.5833333333333333,STABLE/LOWER_RISK
Dongshan River Bridge,3,LOW,MEDIUM,1.5,STABLE/LOWER_RISK
Dongshihda Bridge,3,HIGH,MEDIUM,3.25,IMPROVING
Doochunda Bridge,3,LOW,LOW,1.1666666666666667,STABLE/LOWER_RISK
Dzomalia Bridge,3,MEDIUM,MEDIUM,1.75,STABLE/LOWER_RISK
Erchongci,3,HIGH,MEDIUM,1.25,IMPROVING
Erncida Bridge,3,MEDIUM,MEDIUM,1.5,STABLE/LOWER_RISK
Erngon Bridge,3,HIGH,HIGH,4.583333333333333,PERSISTENT
Erntsun Bridge,3,MEDIUM,HIGH,2.9166666666666665,EMERGING
Erntsuncin Bridge,3,HIGH,HIGH,3.6666666666666665,PERSISTENT
Fangliuda Bridge,3,HIGH,LOW,1.25,IMPROVING
Fangshan Bridge,3,HIGH,LOW,2.125,IMPROVING
Fon Bridge,3,HIGH,HIGH,5.083333333333333,PERSISTENT
Fongang Bridge,3,MEDIUM,LOW,2.1666666666666665,STABLE/LOWER_RISK
Fonggonda Bridge,3,HIGH,HIGH,3.6666666666666665,PERSISTENT
Fongia Bridge,3,LOW,LOW,1.0,STABLE/LOWER_RISK
Fongshan River Bridge,3,HIGH,MEDIUM,2.0,IMPROVING
Fongyuanda Bridge,2,LOW,HIGH,1.0,EMERGING
Fonhua Bridge,3,HIGH,HIGH,5.083333333333333,PERSISTENT
Fonli Bridge,3,MEDIUM,HIGH,3.5,PERSISTENT
Fonlin Bridge,3,MEDIUM,LOW,1.1666666666666667,STABLE/LOWER_RISK
Fonpin Bridge,3,LOW,LOW,1.0,STABLE/LOWER_RISK
Fuchou Bridge,3,HIGH,MEDIUM,3.9166666666666665,IMPROVING
Fumazun,3,MEDIUM,MEDIUM,2.5,STABLE/LOWER_RISK
Fusing Bridge,3,MEDIUM,HIGH,3.3333333333333335,EMERGING
Gandzulin Bridge,3,LOW,MEDIUM,1.4166666666666667,STABLE/LOWER_RISK
Gangci Pomping Station,3,HIGH,HIGH,4.916666666666667,PERSISTENT
Gangkou Bridge,3,LOW,LOW,1.0,STABLE/LOWER_RISK
Gaopingda Bridge,3,HIGH,MEDIUM,3.4166666666666665,IMPROVING
Geinwun Bridge,3,MEDIUM,MEDIUM,1.5555566666666667,STABLE/LOWER_RISK
Geolooda Bridge,3,HIGH,HIGH,4.5,PERSISTENT
Gichen Bridge,3,MEDIUM,LOW,1.75,STABLE/LOWER_RISK
Ginyang No 2,3,LOW,LOW,1.0,STABLE/LOWER_RISK
Gongliaoda Bridge,3,MEDIUM,LOW,1.4166666666666667,STABLE/LOWER_RISK
Gootin Bridge,3,HIGH,HIGH,6.416666666666667,PERSISTENT
Gueishan Bridge,5,HIGH,MEDIUM,3.35,IMPROVING
Guogwon Bridge,3,MEDIUM,MEDIUM,2.0833333333333335,STABLE/LOWER_RISK
Guoshen Bridge,3,MEDIUM,MEDIUM,2.0833333333333335,STABLE/LOWER_RISK
Gwandu Bridge,3,HIGH,MEDIUM,3.8333333333333335,IMPROVING
Heping Bridge,3,HIGH,HIGH,5.416666666666667,PERSISTENT
Hichenda Bridge,2,LOW,MEDIUM,1.25,STABLE/LOWER_RISK
Hifon Bridge,3,HIGH,HIGH,5.5,PERSISTENT
High Speed Rail Bridge,3,MEDIUM,HIGH,3.5,PERSISTENT
Hiway Bridge,3,MEDIUM,LOW,1.75,STABLE/LOWER_RISK
Hochih Weir,3,LOW,MEDIUM,1.3333333333333333,STABLE/LOWER_RISK
Hocin Bridge,3,HIGH,MEDIUM,3.5,IMPROVING
Hocungein Intake,3,HIGH,MEDIUM,2.5833333333333335,IMPROVING
Hodon Station,3,LOW,LOW,1.0,STABLE/LOWER_RISK
Honmoa Harbor,3,HIGH,MEDIUM,3.75,IMPROVING
Hontia Bridge,3,HIGH,MEDIUM,4.333333333333333,IMPROVING
Houfonda Bridge,3,LOW,LOW,1.0,STABLE/LOWER_RISK
Houlong River Bridge,3,MEDIUM,LOW,2.0833333333333335,STABLE/LOWER_RISK
Huajhian Bridge,3,MEDIUM,MEDIUM,3.0,STABLE/LOWER_RISK
Huajhong Bridge,3,LOW,MEDIUM,2.75,STABLE/LOWER_RISK
Hualienda Bridge,3,MEDIUM,MEDIUM,2.1666666666666665,STABLE/LOWER_RISK
Huang River Bridge,3,MEDIUM,LOW,1.1666666666666667,STABLE/LOWER_RISK
Inbin Bridge,3,MEDIUM,LOW,1.4166666666666667,STABLE/LOWER_RISK
Itun Suspension Bridge,2,LOW,HIGH,1.0,EMERGING
Jhaigon Bridge,2,HIGH,HIGH,4.0,PERSISTENT
Jhihben Bridge,3,LOW,LOW,1.75,STABLE/LOWER_RISK
Jhihben hotspring Bridge,3,LOW,LOW,1.75,STABLE/LOWER_RISK
Jhongai Bridge,3,MEDIUM,MEDIUM,1.5,STABLE/LOWER_RISK
Jhonggang River Bridge,3,HIGH,HIGH,4.25,PERSISTENT
Jhongjheng Bridge,13,MEDIUM,MEDIUM,2.4038461538461537,STABLE/LOWER_RISK
Jhongjhengda Bridge,3,LOW,LOW,1.0,STABLE/LOWER_RISK
Jhongsan Bridge,3,HIGH,MEDIUM,3.5833333333333335,IMPROVING
Jhongshou Bridge.,3,MEDIUM,MEDIUM,4.0,STABLE/LOWER_RISK
Jhucida Bridge,2,HIGH,LOW,1.0,IMPROVING
Jhudongda Bridge,2,LOW,LOW,1.0,STABLE/LOWER_RISK
Jhulinda Bridge,3,LOW,LOW,1.0,STABLE/LOWER_RISK
Jhushenda Bridge,3,LOW,LOW,1.0,STABLE/LOWER_RISK
Ji Lu Bridge,3,MEDIUM,MEDIUM,3.0833333333333335,STABLE/LOWER_RISK
Jiadong River Bridge,3,HIGH,HIGH,4.666666666666667,PERSISTENT
Jiangpei Bridge,3,MEDIUM,LOW,2.3333333333333335,STABLE/LOWER_RISK
Jiasian Intake,3,LOW,MEDIUM,1.75,STABLE/LOWER_RISK
Jieshou Bridge,6,LOW,MEDIUM,2.2916666666666665,STABLE/LOWER_RISK
Jinxing Bridge,3,LOW,MEDIUM,1.3333333333333333,STABLE/LOWER_RISK
Jiouru Bridge,3,HIGH,HIGH,5.25,PERSISTENT
Jishueici Bridge,3,HIGH,MEDIUM,2.625,IMPROVING
Jiugang Bridge,1,HIGH,HIGH,4.75,SINGLE_OBSERVATION
Jyunhui Bridge,3,MEDIUM,MEDIUM,1.75,STABLE/LOWER_RISK
Keya River Bridge,3,HIGH,HIGH,4.916666666666667,PERSISTENT
Lanshih Bridge,2,LOW,MEDIUM,1.875,STABLE/LOWER_RISK
Lanyangda Bridge,3,MEDIUM,MEDIUM,2.9166666666666665,STABLE/LOWER_RISK
Laofandian Bridge,3,HIGH,HIGH,4.583333333333333,PERSISTENT
Lidzugein Bridge,3,LOW,MEDIUM,1.3333333333333333,STABLE/LOWER_RISK
Ligangda Bridge,3,HIGH,MEDIUM,3.25,IMPROVING
Limin Bridge,3,HIGH,MEDIUM,2.9166666666666665,IMPROVING
Linbianda Bridge,3,HIGH,MEDIUM,3.3333333333333335,IMPROVING
Linhia Bridge,3,MEDIUM,MEDIUM,2.0833333333333335,STABLE/LOWER_RISK
Linko Bridge,3,MEDIUM,MEDIUM,2.9166666666666665,STABLE/LOWER_RISK
Liougueida Bridge,3,HIGH,MEDIUM,3.25,IMPROVING
Liuho Bridge,3,MEDIUM,MEDIUM,2.4166666666666665,STABLE/LOWER_RISK
Lonbei,3,LOW,LOW,1.0,STABLE/LOWER_RISK
Longanda Bridge,3,LOW,LOW,1.0,STABLE/LOWER_RISK
Longdeda Bridge,3,LOW,LOW,1.0,STABLE/LOWER_RISK
Longdon Bridge,3,MEDIUM,MEDIUM,1.9166666666666667,STABLE/LOWER_RISK
Longluntan,2,HIGH,MEDIUM,1.5,IMPROVING
Longsho Bridge,3,LOW,LOW,1.0,STABLE/LOWER_RISK
Lumin Bridge,3,MEDIUM,MEDIUM,2.6666666666666665,STABLE/LOWER_RISK
Malan Bridge,3,MEDIUM,HIGH,3.4166666666666665,PERSISTENT
Marsonda Bridge,1,HIGH,HIGH,4.5,SINGLE_OBSERVATION
Meichien Cottage,3,LOW,LOW,1.0,STABLE/LOWER_RISK
Meidooli Bridge,3,HIGH,HIGH,5.833333333333333,PERSISTENT
Minchenda Bridge,3,MEDIUM,MEDIUM,3.0833333333333335,STABLE/LOWER_RISK
Minchiuda Bridge,3,MEDIUM,HIGH,3.25,EMERGING
Mugiliao,3,HIGH,MEDIUM,1.25,IMPROVING
Mugua River Bridge,3,LOW,LOW,1.0,STABLE/LOWER_RISK
Nanao Bridge,3,LOW,MEDIUM,2.5,STABLE/LOWER_RISK
Nandin Bridge,3,HIGH,HIGH,3.8333333333333335,PERSISTENT
Nangang River Bridge,3,HIGH,MEDIUM,4.333333333333333,IMPROVING
Nanhooda Bridge,3,MEDIUM,MEDIUM,2.3333333333333335,STABLE/LOWER_RISK
Nankan River Bridge,3,HIGH,MEDIUM,4.0,IMPROVING
Nankunsan,3,HIGH,HIGH,4.875,PERSISTENT
Nansyong Bridge,3,HIGH,HIGH,4.333333333333333,PERSISTENT
Nanyunda Bridge,3,LOW,LOW,1.0,STABLE/LOWER_RISK
Neiwun Suspension Bridge,3,LOW,LOW,1.0,STABLE/LOWER_RISK
Neochoci Bridge,3,HIGH,MEDIUM,3.1666666666666665,IMPROVING
Neodao Bridge,3,LOW,MEDIUM,2.5,STABLE/LOWER_RISK
No. 40 Bridge,2,MEDIUM,MEDIUM,1.5,STABLE/LOWER_RISK
Nungen Bridge,3,MEDIUM,LOW,1.3333333333333333,STABLE/LOWER_RISK
Paosan Reservoir water Intake,3,LOW,LOW,1.0,STABLE/LOWER_RISK
Peishih Bridge,6,HIGH,MEDIUM,2.1666666666666665,IMPROVING
Peishihchou Bridge,3,MEDIUM,MEDIUM,1.5,STABLE/LOWER_RISK
Pinanda Bridge,3,LOW,LOW,1.0,STABLE/LOWER_RISK
Pingjhen 1st Bridge,3,HIGH,LOW,3.75,IMPROVING
Pinlin Bridge,3,MEDIUM,MEDIUM,3.4166666666666665,STABLE/LOWER_RISK
Podooda Bridge,1,LOW,LOW,1.0,SINGLE_OBSERVATION
Puzih River Bridge,3,HIGH,HIGH,3.6666666666666665,PERSISTENT
Renli Bridge,3,LOW,MEDIUM,1.4166666666666667,STABLE/LOWER_RISK
Rong Bridge,3,HIGH,HIGH,4.0,PERSISTENT
Rueisueida Bridge,2,MEDIUM,LOW,1.25,STABLE/LOWER_RISK
Rueitsau Bridge,3,MEDIUM,LOW,1.5833333333333333,STABLE/LOWER_RISK
Sanjhan Bridge,3,LOW,LOW,1.0,STABLE/LOWER_RISK
Sansheng Bridge,3,HIGH,LOW,1.8333333333333333,IMPROVING
Sansia Bridge,3,MEDIUM,MEDIUM,2.9166666666666665,STABLE/LOWER_RISK
Sanwanda Bridge,3,MEDIUM,LOW,1.75,STABLE/LOWER_RISK
Sanying Bridge,3,LOW,MEDIUM,1.1666666666666667,STABLE/LOWER_RISK
Second Super highway Sidewalk bridge ,3,LOW,MEDIUM,1.1666666666666667,STABLE/LOWER_RISK
Shanchee Bridge,3,HIGH,HIGH,5.833333333333333,PERSISTENT
Shangshengo,3,MEDIUM,MEDIUM,3.25,STABLE/LOWER_RISK
Shenkeng Bridge,3,HIGH,MEDIUM,2.5833333333333335,IMPROVING
Shenkeng Jhongjheng Bridge,3,MEDIUM,MEDIUM,1.3333333333333333,STABLE/LOWER_RISK
Shezih Bridge,3,HIGH,MEDIUM,2.9166666666666665,IMPROVING
Shihan Bridge,3,HIGH,HIGH,4.75,PERSISTENT
Shihgang Dam,3,LOW,LOW,1.0,STABLE/LOWER_RISK
Shihgein Bridge,3,MEDIUM,LOW,2.0,STABLE/LOWER_RISK
Shihliuban Bridge,2,MEDIUM,MEDIUM,1.875,STABLE/LOWER_RISK
Shihmen,3,LOW,MEDIUM,1.1666666666666667,STABLE/LOWER_RISK
Shinpoo Bridge,3,HIGH,LOW,3.3333333333333335,IMPROVING
Shiutsugan No.1,3,HIGH,LOW,2.1666666666666665,IMPROVING
Shuangyuanda Bridge,3,HIGH,HIGH,5.0,PERSISTENT
Shueiwui Bridge,3,LOW,LOW,1.0,STABLE/LOWER_RISK
Shuwan Bridge,3,HIGH,MEDIUM,2.8333333333333335,IMPROVING
Sialousi Bridge,3,LOW,LOW,1.0,STABLE/LOWER_RISK
Siangbee Bridge,3,HIGH,HIGH,4.166666666666667,PERSISTENT
Siangya Bridge,3,HIGH,HIGH,4.75,PERSISTENT
Sichiuda Bridge,3,LOW,MEDIUM,1.75,STABLE/LOWER_RISK
Sigangda Bridge,3,MEDIUM,MEDIUM,2.25,STABLE/LOWER_RISK
Sihhu Bridge,3,LOW,LOW,1.0,STABLE/LOWER_RISK
Simenda Bridge,3,LOW,MEDIUM,2.5,STABLE/LOWER_RISK
Sinan Bridge,3,HIGH,MEDIUM,3.25,IMPROVING
Sinbeida Bridge,3,HIGH,MEDIUM,2.8333333333333335,IMPROVING
Sincheng Bridge,6,LOW,MEDIUM,1.5833333333333333,STABLE/LOWER_RISK
Sinciwei Bridge,3,LOW,MEDIUM,1.75,STABLE/LOWER_RISK
Sinfada Bridge,3,HIGH,HIGH,3.25,PERSISTENT
SingSin Bridge,3,LOW,LOW,1.0,STABLE/LOWER_RISK
Singein Bridge,3,HIGH,HIGH,5.416666666666667,PERSISTENT
Sinhoo Bridge,3,HIGH,MEDIUM,2.6666666666666665,IMPROVING
Sinhuwei River Bridge,3,HIGH,HIGH,4.0,PERSISTENT
Sinlanda Bridge,3,MEDIUM,MEDIUM,3.25,STABLE/LOWER_RISK
Sinliaoda Bridge,3,MEDIUM,LOW,1.1666666666666667,STABLE/LOWER_RISK
Sinpooda Bridge,3,LOW,LOW,1.1666666666666667,STABLE/LOWER_RISK
Songchiuda Bridge,3,HIGH,LOW,1.0,IMPROVING
Songwu,3,HIGH,MEDIUM,4.25,IMPROVING
Taichang Bridge,3,LOW,MEDIUM,1.1666666666666667,STABLE/LOWER_RISK
Taiping Bridge,3,HIGH,HIGH,5.0,PERSISTENT
Taipingci Bridge,2,LOW,MEDIUM,1.25,STABLE/LOWER_RISK
Taitungda Bridge,2,MEDIUM,MEDIUM,2.375,STABLE/LOWER_RISK
Teisian Vi.,3,HIGH,HIGH,5.75,PERSISTENT
Tetzekou Bridge,3,MEDIUM,MEDIUM,2.5833333333333335,STABLE/LOWER_RISK
Tianju Bridge,2,HIGH,HIGH,5.25,PERSISTENT
Tianliao Bridge,3,HIGH,MEDIUM,5.0,IMPROVING
Tokooda Bridge,3,HIGH,HIGH,4.916666666666667,PERSISTENT
Tongluo Bridge,2,LOW,LOW,1.0,STABLE/LOWER_RISK
Tonsin Bridge,3,HIGH,LOW,1.0,IMPROVING
Toucian River Bridge,3,MEDIUM,MEDIUM,2.0833333333333335,STABLE/LOWER_RISK
Tungyou River Dike,3,LOW,LOW,1.4166666666666667,STABLE/LOWER_RISK
Upper Huang River Bridge,3,LOW,LOW,1.1666666666666667,STABLE/LOWER_RISK
Wandada Bridge,3,MEDIUM,MEDIUM,3.25,STABLE/LOWER_RISK
Wanfonda Bridge,3,LOW,LOW,1.0,STABLE/LOWER_RISK
Wanlici Bridge,3,LOW,LOW,2.1666666666666665,STABLE/LOWER_RISK
Wanshou Bridge,3,MEDIUM,MEDIUM,1.6666666666666667,STABLE/LOWER_RISK
Weiren Bridge,2,HIGH,HIGH,6.5,PERSISTENT
Wenfon Bridge,1,MEDIUM,MEDIUM,1.5,SINGLE_OBSERVATION
Woolaokan,3,LOW,LOW,1.0,STABLE/LOWER_RISK
Wu River Bridge,3,LOW,MEDIUM,1.4166666666666667,STABLE/LOWER_RISK
Wuhuliao Bridge,3,HIGH,MEDIUM,1.875,IMPROVING
Wukon Bridge,3,HIGH,HIGH,7.166666666666667,PERSISTENT
Xizhou Bridge,2,MEDIUM,MEDIUM,2.375,STABLE/LOWER_RISK
Yanshuei River Bridge,3,HIGH,HIGH,4.666666666666667,PERSISTENT
Yilida Bridge,2,LOW,MEDIUM,1.875,STABLE/LOWER_RISK
Yongsing Bridge,2,LOW,LOW,1.0,STABLE/LOWER_RISK
Yuanben Bridge,3,HIGH,LOW,2.1666666666666665,IMPROVING
Yuemei Bridge,6,HIGH,MEDIUM,4.4375,IMPROVING
Yuemeitan Bridge,3,HIGH,HIGH,4.5,PERSISTENT
Yufonda Bridge,6,LOW,MEDIUM,2.125,STABLE/LOWER_RISK
Yujing Bridge,3,HIGH,MEDIUM,1.5,IMPROVING
Yulida Bridge,1,MEDIUM,MEDIUM,1.5,SINGLE_OBSERVATION
Yunchiada Bridge,3,HIGH,HIGH,4.75,PERSISTENT
Yunin no. 1 Bridge,3,LOW,LOW,1.0,STABLE/LOWER_RISK
Yunlali,1,LOW,LOW,1.0,SINGLE_OBSERVATION
Yunnin Bridge,3,HIGH,HIGH,5.166666666666667,PERSISTENT
Yuqing Bridge,3,LOW,LOW,1.75,STABLE/LOWER_RISK
Zengwun River Bridge,3,MEDIUM,MEDIUM,2.1666666666666665,STABLE/LOWER_RISK
Zengwun River Mouth,3,MEDIUM,HIGH,2.0833333333333335,EMERGING
Zengwun no.1 Bridge,3,HIGH,MEDIUM,2.25,IMPROVING
Zhong Shan Bridge (Sinfo,3,HIGH,LOW,3.8333333333333335,IMPROVING
